CustomerID,NameStyle,Title,FirstName,MiddleName,LastName,Suffix,CompanyName,SalesPerson,EmailAddress,Phone,PasswordHash,PasswordSalt,ModifiedDate
1,false,Mr.,Orlando,N.,Gee,<nil>,A Bike Store,adventure-works\pamela0,orlando0@adventure-works.com,245-555-0173,L/Rlwxzp4w7RWmEgXX+/A7cXaePEPcp+KwQhl2fJL7w=,1KjXYs4=,2005-08-01 00:00:00 +0000 UTC
2,false,Mr.,Keith,<nil>,Harris,<nil>,Progressive Sports,adventure-works\david8,keith0@adventure-works.com,170-555-0127,YPdtRdvqeAhj6wyxEsFdshBDNXxkCXn+CRgbvJItknw=,fs1ZGhY=,2006-08-01 00:00:00 +0000 UTC
3,false,Ms.,Donna,F.,Carreras,<nil>,Advanced Bike Components,adventure-works\jillian0,donna0@adventure-works.com,279-555-0130,LNoK27abGQo48gGue3EBV/UrlYSToV0/s87dCRV7uJk=,YTNH5Rw=,2005-09-01 00:00:00 +0000 UTC
4,false,Ms.,Janet,M.,Gates,<nil>,Modular Cycle Systems,adventure-works\jillian0,janet1@adventure-works.com,710-555-0173,ElzTpSNbUW1Ut+L5cWlfR7MF6nBZia8WpmGaQPjLOJA=,nm7D5e4=,2006-07-01 00:00:00 +0000 UTC
5,false,Mr.,Lucy,<nil>,Harrington,<nil>,Metropolitan Sports Supply,adventure-works\shu0,lucy0@adventure-works.com,828-555-0186,KJqV15wsX3PG8TS5GSddp6LFFVdd3CoRftZM/tP0+R4=,cNFKU4w=,2006-09-01 00:00:00 +0000 UTC
6,false,Ms.,Rosmarie,J.,Carroll,<nil>,Aerobic Exercise Company,adventure-works\linda3,rosmarie0@adventure-works.com,244-555-0112,OKT0scizCdIzymHHOtyJKQiC/fCILSooSZ8dQ2Y34VM=,ihWf50M=,2007-09-01 00:00:00 +0000 UTC
7,false,Mr.,Dominic,P.,Gash,<nil>,Associated Bikes,adventure-works\shu0,dominic0@adventure-works.com,192-555-0173,ZccoP/jZGQm+Xpzc7RKwDhS11YFNybwcPVRYTSNcnSg=,sPoUBSQ=,2006-07-01 00:00:00 +0000 UTC
10,false,Ms.,Kathleen,M.,Garza,<nil>,Rural Cycle Emporium,adventure-works\josé1,kathleen0@adventure-works.com,150-555-0127,Qa3aMCxNbVLGrc0b99KsbQqiVgwYDfHcsK9GZSUxcTM=,Ls05W3g=,2006-09-01 00:00:00 +0000 UTC
11,false,Ms.,Katherine,<nil>,Harding,<nil>,Sharp Bikes,adventure-works\josé1,katherine0@adventure-works.com,926-555-0159,uRlorVzDGNJIX9I+ehTlRK+liT4UKRgWhApJgUMC2d4=,jpHKbqE=,2005-08-01 00:00:00 +0000 UTC
12,false,Mr.,Johnny,A.,Caprio,Jr.,Bikes and Motorbikes,adventure-works\garrett1,johnny0@adventure-works.com,112-555-0191,jtF9jBoFYeJTaET7x+eJDkd7BzMz15Wo9odbGPBaIak=,wVLnvHo=,2006-08-01 00:00:00 +0000 UTC